{
  "dissipated_power": 4.6090648018272542E-24,
  "resistance": 0.21390871329121616,
  "inductance": 7.0397720639783271E-10,
  "ncell": 961000,
  "LMN": [
    310,
    310,
    10
  ],
  "ncond": 74680,
  "ndofs": 618888,
  "PMU": 1.0784256E+8,
  "solver_iterations": 2,
  "ttot": 35.9802293
}